numero_expediente,estado_seleccionado,usuario,sistema
EX-2018-09915263- -GDEBA-SDRRDLP,Subsanación,TADCARATULADORRPP,TAD
EX-2018-25212536- -GDEBA-SDRRDLP,Subsanación,TADCARATULADORRPP,TAD
EX-2018-15505319- -GDEBA-SDRRDLP,Subsanación,TADCARATULADORRPP,TAD
EX-2019-09431648- -GDEBA-SDRRDLP,Subsanación,TADCARATULADORRPP,TAD
EX-2018-24781745- -GDEBA-SDRRDLP,Subsanación,TADCARATULADORRPP,TAD
EX-2018-24781926- -GDEBA-SDRRDLP,Subsanación,TADCARATULADORRPP,TAD
EX-2018-10151046- -GDEBA-SDRRDLP,Subsanación,TADCARATULADORRPP,TAD
EX-2018-28515348- -GDEBA-SDRRDLP,Subsanación,TADCARATULADORRPP,TAD
EX-2018-24781408- -GDEBA-SDRRDLP,Subsanación,TADCARATULADORRPP,TAD
EX-2018-23184356- -GDEBA-SDRRDLP,Subsanación,TADCARATULADORRPP,TAD
EX-2018-24954896- -GDEBA-SDRRDLP,Subsanación,TADCARATULADORRPP,TAD
EX-2018-25240575- -GDEBA-SDRRDLP,Subsanación,TADCARATULADORRPP,TAD
EX-2018-19779917- -GDEBA-SDRRDLP,Subsanación,TADCARATULADORRPP,TAD
EX-2018-24975831- -GDEBA-SDRRDLP,Subsanación,TADCARATULADORRPP,TAD
EX-2018-23304541- -GDEBA-SDRRDLP,Subsanación,TADCARATULADORRPP,TAD
EX-2018-25402036- -GDEBA-SDRRDLP,Subsanación,TADCARATULADORRPP,TAD
EX-2018-15504698- -GDEBA-SDRRDLP,Subsanación,TADCARATULADORRPP,TAD
EX-2018-25825259- -GDEBA-SDRRDLP,Subsanación,TADCARATULADORRPP,TAD
EX-2018-25827971- -GDEBA-SDRRDLP,Subsanación,TADCARATULADORRPP,TAD
EX-2018-14656712- -GDEBA-SDRRDLP,Subsanación,TADCARATULADORRPP,TAD
EX-2019-09426444- -GDEBA-SDRRDLP,Subsanación,TADCARATULADORRPP,TAD
EX-2018-25401993- -GDEBA-SDRRDLP,Subsanación,TADCARATULADORRPP,TAD
EX-2018-10151065- -GDEBA-SDRRDLP,Subsanación,TADCARATULADORRPP,TAD
EX-2018-10151072- -GDEBA-SDRRDLP,Subsanación,TADCARATULADORRPP,TAD
EX-2018-09915271- -GDEBA-SDRRDLP,Subsanación,TADCARATULADORRPP,TAD
EX-2018-10150961- -GDEBA-SDRRDLP,Subsanación,TADCARATULADORRPP,TAD
EX-2018-09915491- -GDEBA-SDRRDLP,Subsanación,TADCARATULADORRPP,TAD
EX-2018-25826073- -GDEBA-SDRRDLP,Subsanación,TADCARATULADORRPP,TAD
EX-2018-10150425- -GDEBA-SDRRDLP,Subsanación,TADCARATULADORRPP,TAD
EX-2018-13511728- -GDEBA-SDRRDLP,Subsanación,TADCARATULADORRPP,TAD
EX-2018-25069375- -GDEBA-SDRRDLP,Subsanación,TADCARATULADORRPP,TAD
EX-2018-25239653- -GDEBA-SDRRDLP,Subsanación,TADCARATULADORRPP,TAD
EX-2019-09425397- -GDEBA-SDRRDLP,Subsanación,TADCARATULADORRPP,TAD
EX-2018-10151093- -GDEBA-SDRRDLP,Subsanación,TADCARATULADORRPP,TAD
EX-2018-09915340- -GDEBA-SDRRDLP,Subsanación,TADCARATULADORRPP,TAD
EX-2018-25137365- -GDEBA-SDRRDLP,Subsanación,TADCARATULADORRPP,TAD
EX-2018-25236445- -GDEBA-SDRRDLP,Subsanación,TADCARATULADORRPP,TAD
EX-2018-25402008- -GDEBA-SDRRDLP,Subsanación,TADCARATULADORRPP,TAD
EX-2018-25185985- -GDEBA-SDRRDLP,Subsanación,TADCARATULADORRPP,TAD
EX-2018-25188284- -GDEBA-SDRRDLP,Subsanación,TADCARATULADORRPP,TAD
EX-2018-10151018- -GDEBA-SDRRDLP,Subsanación,TADCARATULADORRPP,TAD
EX-2018-09915225- -GDEBA-SDRRDLP,Subsanación,TADCARATULADORRPP,TAD
EX-2018-24977647- -GDEBA-SDRRDLP,Subsanación,TADCARATULADORRPP,TAD
EX-2018-24782084- -GDEBA-SDRRDLP,Subsanación,TADCARATULADORRPP,TAD
EX-2018-14883229- -GDEBA-SDRRDLP,Subsanación,TADCARATULADORRPP,TAD
EX-2018-10152394- -GDEBA-SDRRDLP,Subsanación,TADCARATULADORRPP,TAD
EX-2018-31888546- -GDEBA-SDRRDLP,Subsanación,TADCARATULADORRPP,TAD
EX-2018-25189892- -GDEBA-SDRRDLP,Subsanación,TADCARATULADORRPP,TAD
EX-2018-24781467- -GDEBA-SDRRDLP,Subsanación,TADCARATULADORRPP,TAD
EX-2018-25071474- -GDEBA-SDRRDLP,Subsanación,TADCARATULADORRPP,TAD
EX-2018-10152336- -GDEBA-SDRRDLP,Subsanación,TADCARATULADORRPP,TAD
EX-2018-25233372- -GDEBA-SDRRDLP,Subsanación,TADCARATULADORRPP,TAD
EX-2018-25474003- -GDEBA-SDRRDLP,Subsanación,TADCARATULADORRPP,TAD
EX-2018-09915332- -GDEBA-SDRRDLP,Subsanación,TADCARATULADORRPP,TAD
EX-2018-22282310- -GDEBA-SDRRDLP,Subsanación,TADCARATULADORRPP,TAD
EX-2018-25233242- -GDEBA-SDRRDLP,Subsanación,TADCARATULADORRPP,TAD
EX-2018-10151077- -GDEBA-SDRRDLP,Subsanación,TADCARATULADORRPP,TAD
EX-2018-19498986- -GDEBA-SDRRDLP,Subsanación,TADCARATULADORRPP,TAD
EX-2018-15506900- -GDEBA-SDRRDLP,Subsanación,TADCARATULADORRPP,TAD
EX-2018-25243472- -GDEBA-SDRRDLP,Subsanación,TADCARATULADORRPP,TAD
EX-2018-24782009- -GDEBA-SDRRDLP,Subsanación,TADCARATULADORRPP,TAD
EX-2019-09449764- -GDEBA-SDRRDLP,Subsanación,TADCARATULADORRPP,TAD
EX-2018-16334308- -GDEBA-SDRRDLP,Subsanación,TADCARATULADORRPP,TAD
EX-2018-08988030- -GDEBA-SDRRDLP,Subsanación,TADCARATULADORRPP,TAD
EX-2018-09915362- -GDEBA-SDRRDLP,Subsanación,TADCARATULADORRPP,TAD
EX-2018-24977632- -GDEBA-SDRRDLP,Subsanación,TADCARATULADORRPP,TAD
EX-2018-25071873- -GDEBA-SDRRDLP,Subsanación,TADCARATULADORRPP,TAD
EX-2018-25069913- -GDEBA-SDRRDLP,Subsanación,TADCARATULADORRPP,TAD
EX-2018-23414053- -GDEBA-SDRRDLP,Subsanación,TADCARATULADORRPP,TAD
EX-2019-09436640- -GDEBA-SDRRDLP,Subsanación,TADCARATULADORRPP,TAD
EX-2019-09428206- -GDEBA-SDRRDLP,Subsanación,TADCARATULADORRPP,TAD
EX-2018-10146557- -GDEBA-SDRRDLP,Subsanación,TADCARATULADORRPP,TAD
EX-2018-25182066- -GDEBA-SDRRDLP,Subsanación,TADCARATULADORRPP,TAD
EX-2018-24781857- -GDEBA-SDRRDLP,Subsanación,TADCARATULADORRPP,TAD
EX-2018-24782325- -GDEBA-SDRRDLP,Subsanación,TADCARATULADORRPP,TAD
EX-2018-24782098- -GDEBA-SDRRDLP,Subsanación,TADCARATULADORRPP,TAD
EX-2018-22832894- -GDEBA-SDRRDLP,Subsanación,TADCARATULADORRPP,TAD
EX-2018-30762175- -GDEBA-SDRRDLP,Subsanación,TADCARATULADORRPP,TAD
EX-2018-25238028- -GDEBA-SDRRDLP,Subsanación,TADCARATULADORRPP,TAD
EX-2018-31530716- -GDEBA-SDRRDLP,Subsanación,TADCARATULADORRPP,TAD
EX-2018-15568957- -GDEBA-SDRRDLP,Subsanación,TADCARATULADORRPP,TAD
EX-2018-24782420- -GDEBA-SDRRDLP,Subsanación,TADCARATULADORRPP,TAD
EX-2018-19258378- -GDEBA-SDRRDLP,Subsanación,TADCARATULADORRPP,TAD
EX-2019-09418148- -GDEBA-SDRRDLP,Subsanación,TADCARATULADORRPP,TAD
EX-2018-23320159- -GDEBA-SDRRDLP,Subsanación,TADCARATULADORRPP,TAD
EX-2018-25401891- -GDEBA-SDRRDLP,Subsanación,TADCARATULADORRPP,TAD
EX-2018-10151123- -GDEBA-SDRRDLP,Subsanación,TADCARATULADORRPP,TAD
EX-2018-17867488- -GDEBA-SDRRDLP,Subsanación,TADCARATULADORRPP,TAD
EX-2018-25397081- -GDEBA-SDRRDLP,Subsanación,TADCARATULADORRPP,TAD
EX-2018-13064967- -GDEBA-SDRRDLP,Subsanación,TADCARATULADORRPP,TAD
EX-2018-12808028- -GDEBA-SDRRDLP,Subsanación,TADCARATULADORRPP,TAD
EX-2018-11108483- -GDEBA-SDRRDLP,Subsanación,TADCARATULADORRPP,TAD
EX-2018-08988321- -GDEBA-SDRRDLP,Subsanación,TADCARATULADORRPP,TAD
EX-2018-24782085- -GDEBA-SDRRDLP,Subsanación,TADCARATULADORRPP,TAD
EX-2018-19091103- -GDEBA-SDRRDLP,Subsanación,TADCARATULADORRPP,TAD
EX-2018-25401995- -GDEBA-SDRRDLP,Subsanación,TADCARATULADORRPP,TAD
EX-2018-10151029- -GDEBA-SDRRDLP,Subsanación,TADCARATULADORRPP,TAD
EX-2018-24975926- -GDEBA-SDRRDLP,Subsanación,TADCARATULADORRPP,TAD
EX-2018-20585507- -GDEBA-SDRRDLP,Subsanación,TADCARATULADORRPP,TAD
EX-2018-13870457- -GDEBA-SDRRDLP,Subsanación,TADCARATULADORRPP,TAD
EX-2018-15505909- -GDEBA-SDRRDLP,Subsanación,TADCARATULADORRPP,TAD
EX-2018-25243146- -GDEBA-SDRRDLP,Subsanación,TADCARATULADORRPP,TAD
EX-2018-25186403- -GDEBA-SDRRDLP,Subsanación,TADCARATULADORRPP,TAD
EX-2018-25400062- -GDEBA-SDRRDLP,Subsanación,TADCARATULADORRPP,TAD
EX-2019-09446246- -GDEBA-SDRRDLP,Subsanación,TADCARATULADORRPP,TAD
EX-2018-16334281- -GDEBA-SDRRDLP,Subsanación,TADCARATULADORRPP,TAD
EX-2018-15484414- -GDEBA-SDRRDLP,Subsanación,TADCARATULADORRPP,TAD
EX-2018-23304520- -GDEBA-SDRRDLP,Subsanación,TADCARATULADORRPP,TAD
EX-2019-09422911- -GDEBA-SDRRDLP,Subsanación,TADCARATULADORRPP,TAD
EX-2018-25185641- -GDEBA-SDRRDLP,Subsanación,TADCARATULADORRPP,TAD
EX-2018-24781920- -GDEBA-SDRRDLP,Subsanación,TADCARATULADORRPP,TAD
EX-2018-25184735- -GDEBA-SDRRDLP,Subsanación,TADCARATULADORRPP,TAD
EX-2018-25240974- -GDEBA-SDRRDLP,Subsanación,TADCARATULADORRPP,TAD
EX-2018-25238807- -GDEBA-SDRRDLP,Subsanación,TADCARATULADORRPP,TAD
EX-2018-12201492- -GDEBA-SDRRDLP,Subsanación,TADCARATULADORRPP,TAD
EX-2018-25401980- -GDEBA-SDRRDLP,Subsanación,TADCARATULADORRPP,TAD
EX-2018-10145122- -GDEBA-SDRRDLP,Subsanación,TADCARATULADORRPP,TAD
EX-2018-08983415- -GDEBA-SDRRDLP,Subsanación,TADCARATULADORRPP,TAD
EX-2018-24769469- -GDEBA-SDRRDLP,Subsanación,TADCARATULADORRPP,TAD
EX-2018-09915441- -GDEBA-SDRRDLP,Subsanación,TADCARATULADORRPP,TAD
EX-2018-13870454- -GDEBA-SDRRDLP,Subsanación,TADCARATULADORRPP,TAD
EX-2018-25388327- -GDEBA-SDRRDLP,Subsanación,TADCARATULADORRPP,TAD
EX-2018-25237324- -GDEBA-SDRRDLP,Subsanación,TADCARATULADORRPP,TAD
EX-2018-13060935- -GDEBA-SDRRDLP,Subsanación,TADCARATULADORRPP,TAD
EX-2018-09915202- -GDEBA-SDRRDLP,Subsanación,TADCARATULADORRPP,TAD
EX-2018-29546759- -GDEBA-SDRRDLP,Subsanación,TADCARATULADORRPP,TAD
EX-2018-23300852- -GDEBA-SDRRDLP,Subsanación,TADCARATULADORRPP,TAD
EX-2018-31756783- -GDEBA-SDRRDLP,Subsanación,TADCARATULADORRPP,TAD
EX-2018-24781526- -GDEBA-SDRRDLP,Subsanación,TADCARATULADORRPP,TAD
EX-2019-09430774- -GDEBA-SDRRDLP,Subsanación,TADCARATULADORRPP,TAD
EX-2018-25188256- -GDEBA-SDRRDLP,Subsanación,TADCARATULADORRPP,TAD
EX-2018-24770326- -GDEBA-SDRRDLP,Subsanación,TADCARATULADORRPP,TAD
EX-2018-09915316- -GDEBA-SDRRDLP,Subsanación,TADCARATULADORRPP,TAD
EX-2018-09915265- -GDEBA-SDRRDLP,Subsanación,TADCARATULADORRPP,TAD
EX-2018-25402038- -GDEBA-SDRRDLP,Subsanación,TADCARATULADORRPP,TAD
EX-2018-14884737- -GDEBA-SDRRDLP,Subsanación,TADCARATULADORRPP,TAD
EX-2018-24981334- -GDEBA-SDRRDLP,Subsanación,TADCARATULADORRPP,TAD
EX-2018-25186576- -GDEBA-SDRRDLP,Subsanación,TADCARATULADORRPP,TAD
EX-2018-24782281- -GDEBA-SDRRDLP,Subsanación,TADCARATULADORRPP,TAD
EX-2018-24982532- -GDEBA-SDRRDLP,Subsanación,TADCARATULADORRPP,TAD
EX-2018-15504428- -GDEBA-SDRRDLP,Subsanación,TADCARATULADORRPP,TAD
EX-2019-09418882- -GDEBA-SDRRDLP,Subsanación,TADCARATULADORRPP,TAD
EX-2018-24781816- -GDEBA-SDRRDLP,Subsanación,TADCARATULADORRPP,TAD
EX-2018-10151128- -GDEBA-SDRRDLP,Subsanación,TADCARATULADORRPP,TAD
EX-2018-08988023- -GDEBA-SDRRDLP,Subsanación,TADCARATULADORRPP,TAD
EX-2018-30485919- -GDEBA-SDRRDLP,Subsanación,TADCARATULADORRPP,TAD
EX-2018-25396517- -GDEBA-SDRRDLP,Subsanación,TADCARATULADORRPP,TAD
EX-2018-25185084- -GDEBA-SDRRDLP,Subsanación,TADCARATULADORRPP,TAD
EX-2018-08987007- -GDEBA-SDRRDLP,Subsanación,TADCARATULADORRPP,TAD
EX-2018-14301656- -GDEBA-SDRRDLP,Subsanación,TADCARATULADORRPP,TAD
EX-2018-20586127- -GDEBA-SDRRDLP,Subsanación,TADCARATULADORRPP,TAD
EX-2018-24781671- -GDEBA-SDRRDLP,Subsanación,TADCARATULADORRPP,TAD
EX-2018-25397472- -GDEBA-SDRRDLP,Subsanación,TADCARATULADORRPP,TAD
EX-2018-25171186- -GDEBA-SDRRDLP,Subsanación,TADCARATULADORRPP,TAD
EX-2018-24977863- -GDEBA-SDRRDLP,Subsanación,TADCARATULADORRPP,TAD
EX-2018-10151061- -GDEBA-SDRRDLP,Subsanación,TADCARATULADORRPP,TAD
EX-2018-25239343- -GDEBA-SDRRDLP,Subsanación,TADCARATULADORRPP,TAD
EX-2018-19241396- -GDEBA-SDRRDLP,Subsanación,TADCARATULADORRPP,TAD
EX-2018-15913525- -GDEBA-SDRRDLP,Subsanación,TADCARATULADORRPP,TAD
EX-2018-24781801- -GDEBA-SDRRDLP,Subsanación,TADCARATULADORRPP,TAD
EX-2018-09655298- -GDEBA-SDRRDLP,Subsanación,TADCARATULADORRPP,TAD
EX-2018-10145094- -GDEBA-SDRRDLP,Subsanación,TADCARATULADORRPP,TAD
EX-2018-25399987- -GDEBA-SDRRDLP,Subsanación,TADCARATULADORRPP,TAD
EX-2018-09915456- -GDEBA-SDRRDLP,Subsanación,TADCARATULADORRPP,TAD
EX-2018-09915437- -GDEBA-SDRRDLP,Subsanación,TADCARATULADORRPP,TAD
EX-2018-25071473- -GDEBA-SDRRDLP,Subsanación,TADCARATULADORRPP,TAD
EX-2018-23331736- -GDEBA-SDRRDLP,Subsanación,TADCARATULADORRPP,TAD
EX-2019-09418875- -GDEBA-SDRRDLP,Subsanación,TADCARATULADORRPP,TAD
EX-2018-23171766- -GDEBA-SDRRDLP,Subsanación,TADCARATULADORRPP,TAD
EX-2018-24401119- -GDEBA-SDRRDLP,Subsanación,TADCARATULADORRPP,TAD
EX-2018-25187429- -GDEBA-SDRRDLP,Subsanación,TADCARATULADORRPP,TAD
EX-2018-24779411- -GDEBA-SDRRDLP,Subsanación,TADCARATULADORRPP,TAD
EX-2018-09915433- -GDEBA-SDRRDLP,Subsanación,TADCARATULADORRPP,TAD
EX-2018-25182355- -GDEBA-SDRRDLP,Subsanación,TADCARATULADORRPP,TAD
EX-2018-29421061- -GDEBA-SDRRDLP,Subsanación,TADCARATULADORRPP,TAD
EX-2018-25402159- -GDEBA-SDRRDLP,Subsanación,TADCARATULADORRPP,TAD
EX-2018-18485579- -GDEBA-SDRRDLP,Subsanación,TADCARATULADORRPP,TAD
EX-2018-15505603- -GDEBA-SDRRDLP,Subsanación,TADCARATULADORRPP,TAD
EX-2018-15571289- -GDEBA-SDRRDLP,Subsanación,TADCARATULADORRPP,TAD
EX-2018-24781625- -GDEBA-SDRRDLP,Subsanación,TADCARATULADORRPP,TAD
EX-2018-25402979- -GDEBA-SDRRDLP,Subsanación,TADCARATULADORRPP,TAD
EX-2018-16334384- -GDEBA-SDRRDLP,Subsanación,TADCARATULADORRPP,TAD
EX-2018-25187468- -GDEBA-SDRRDLP,Subsanación,TADCARATULADORRPP,TAD
EX-2018-25187785- -GDEBA-SDRRDLP,Subsanación,TADCARATULADORRPP,TAD
EX-2018-31896417- -GDEBA-SDRRDLP,Subsanación,TADCARATULADORRPP,TAD
EX-2019-09418459- -GDEBA-SDRRDLP,Subsanación,TADCARATULADORRPP,TAD
EX-2018-10151079- -GDEBA-SDRRDLP,Subsanación,TADCARATULADORRPP,TAD
EX-2018-18392978- -GDEBA-SDRRDLP,Subsanación,TADCARATULADORRPP,TAD
EX-2019-20022276- -GDEBA-SDRRDLP,Subsanación,TADCARATULADORRPP,TAD
EX-2018-22284175- -GDEBA-SDRRDLP,Subsanación,TADCARATULADORRPP,TAD
EX-2018-10152365- -GDEBA-SDRRDLP,Subsanación,TADCARATULADORRPP,TAD
EX-2018-25404768- -GDEBA-SDRRDLP,Subsanación,TADCARATULADORRPP,TAD
EX-2018-15509744- -GDEBA-SDRRDLP,Subsanación,TADCARATULADORRPP,TAD
EX-2018-10152377- -GDEBA-SDRRDLP,Subsanación,TADCARATULADORRPP,TAD
EX-2018-10150399- -GDEBA-SDRRDLP,Subsanación,TADCARATULADORRPP,TAD
EX-2018-25238439- -GDEBA-SDRRDLP,Subsanación,TADCARATULADORRPP,TAD
EX-2018-25396074- -GDEBA-SDRRDLP,Subsanación,TADCARATULADORRPP,TAD
EX-2018-24770694- -GDEBA-SDRRDLP,Subsanación,TADCARATULADORRPP,TAD
EX-2018-10151004- -GDEBA-SDRRDLP,Subsanación,TADCARATULADORRPP,TAD
EX-2018-25828914- -GDEBA-SDRRDLP,Subsanación,TADCARATULADORRPP,TAD
EX-2018-15510061- -GDEBA-SDRRDLP,Subsanación,TADCARATULADORRPP,TAD
EX-2018-16334387- -GDEBA-SDRRDLP,Subsanación,TADCARATULADORRPP,TAD
EX-2018-25186117- -GDEBA-SDRRDLP,Subsanación,TADCARATULADORRPP,TAD
EX-2018-25184554- -GDEBA-SDRRDLP,Subsanación,TADCARATULADORRPP,TAD
EX-2018-08988017- -GDEBA-SDRRDLP,Subsanación,TADCARATULADORRPP,TAD
EX-2018-11472023- -GDEBA-SDRRDLP,Subsanación,TADCARATULADORRPP,TAD
EX-2018-09915511- -GDEBA-SDRRDLP,Subsanación,TADCARATULADORRPP,TAD
EX-2018-25237956- -GDEBA-SDRRDLP,Subsanación,TADCARATULADORRPP,TAD
EX-2018-25187456- -GDEBA-SDRRDLP,Subsanación,TADCARATULADORRPP,TAD
EX-2018-24781970- -GDEBA-SDRRDLP,Subsanación,TADCARATULADORRPP,TAD
EX-2018-24960557- -GDEBA-SDRRDLP,Subsanación,TADCARATULADORRPP,TAD
EX-2018-08988254- -GDEBA-SDRRDLP,Subsanación,TADCARATULADORRPP,TAD
EX-2018-24397710- -GDEBA-SDRRDLP,Subsanación,TADCARATULADORRPP,TAD
EX-2018-22275598- -GDEBA-SDRRDLP,Subsanación,TADCARATULADORRPP,TAD
EX-2018-31523272- -GDEBA-SDRRDLP,Subsanación,TADCARATULADORRPP,TAD
EX-2018-25401312- -GDEBA-SDRRDLP,Subsanación,TADCARATULADORRPP,TAD
EX-2019-09433404- -GDEBA-SDRRDLP,Subsanación,TADCARATULADORRPP,TAD
EX-2018-24781690- -GDEBA-SDRRDLP,Subsanación,TADCARATULADORRPP,TAD
EX-2018-10151084- -GDEBA-SDRRDLP,Subsanación,TADCARATULADORRPP,TAD
EX-2018-15509239- -GDEBA-SDRRDLP,Subsanación,TADCARATULADORRPP,TAD
EX-2018-10151021- -GDEBA-SDRRDLP,Subsanación,TADCARATULADORRPP,TAD
EX-2018-24782248- -GDEBA-SDRRDLP,Subsanación,TADCARATULADORRPP,TAD
EX-2018-14652688- -GDEBA-SDRRDLP,Subsanación,TADCARATULADORRPP,TAD
EX-2018-25243650- -GDEBA-SDRRDLP,Subsanación,TADCARATULADORRPP,TAD
EX-2018-30754122- -GDEBA-SDRRDLP,Subsanación,TADCARATULADORRPP,TAD
EX-2018-13809965- -GDEBA-SDRRDLP,Subsanación,TADCARATULADORRPP,TAD
EX-2018-25171195- -GDEBA-SDRRDLP,Subsanación,TADCARATULADORRPP,TAD
EX-2018-15571304- -GDEBA-SDRRDLP,Subsanación,TADCARATULADORRPP,TAD
EX-2018-24977912- -GDEBA-SDRRDLP,Subsanación,TADCARATULADORRPP,TAD
EX-2018-17867223- -GDEBA-SDRRDLP,Subsanación,TADCARATULADORRPP,TAD
EX-2019-09443938- -GDEBA-SDRRDLP,Subsanación,TADCARATULADORRPP,TAD
EX-2018-16978189- -GDEBA-SDRRDLP,Subsanación,TADCARATULADORRPP,TAD
EX-2018-24781996- -GDEBA-SDRRDLP,Subsanación,TADCARATULADORRPP,TAD
EX-2018-25401917- -GDEBA-SDRRDLP,Subsanación,TADCARATULADORRPP,TAD
EX-2018-15510170- -GDEBA-SDRRDLP,Subsanación,TADCARATULADORRPP,TAD
EX-2018-10150955- -GDEBA-SDRRDLP,Subsanación,TADCARATULADORRPP,TAD
EX-2018-25237786- -GDEBA-SDRRDLP,Subsanación,TADCARATULADORRPP,TAD
EX-2018-09915259- -GDEBA-SDRRDLP,Subsanación,TADCARATULADORRPP,TAD
EX-2018-09915484- -GDEBA-SDRRDLP,Subsanación,TADCARATULADORRPP,TAD
EX-2018-09915380- -GDEBA-SDRRDLP,Subsanación,TADCARATULADORRPP,TAD
EX-2018-08988243- -GDEBA-SDRRDLP,Subsanación,TADCARATULADORRPP,TAD
EX-2018-15717721- -GDEBA-SDRRDLP,Subsanación,TADCARATULADORRPP,TAD
EX-2018-09915355- -GDEBA-SDRRDLP,Subsanación,TADCARATULADORRPP,TAD
EX-2018-25402029- -GDEBA-SDRRDLP,Subsanación,TADCARATULADORRPP,TAD
EX-2018-25400856- -GDEBA-SDRRDLP,Subsanación,TADCARATULADORRPP,TAD
EX-2019-09422036- -GDEBA-SDRRDLP,Subsanación,TADCARATULADORRPP,TAD
EX-2018-10152413- -GDEBA-SDRRDLP,Subsanación,TADCARATULADORRPP,TAD
EX-2018-19900107- -GDEBA-SDRRDLP,Subsanación,TADCARATULADORRPP,TAD
EX-2019-09444702- -GDEBA-SDRRDLP,Subsanación,TADCARATULADORRPP,TAD
EX-2018-24409296- -GDEBA-SDRRDLP,Subsanación,TADCARATULADORRPP,TAD
EX-2018-15510156- -GDEBA-SDRRDLP,Subsanación,TADCARATULADORRPP,TAD
EX-2019-09436177- -GDEBA-SDRRDLP,Subsanación,TADCARATULADORRPP,TAD
EX-2019-08961838- -GDEBA-SDRRDLP,Subsanación,TADCARATULADORRPP,TAD
EX-2018-23696719- -GDEBA-SDRRDLP,Subsanación,TADCARATULADORRPP,TAD
EX-2018-23066772- -GDEBA-SDRRDLP,Subsanación,TADCARATULADORRPP,TAD
EX-2018-24782213- -GDEBA-SDRRDLP,Subsanación,TADCARATULADORRPP,TAD
EX-2018-09915406- -GDEBA-SDRRDLP,Subsanación,TADCARATULADORRPP,TAD
EX-2018-17286024- -GDEBA-SDRRDLP,Subsanación,TADCARATULADORRPP,TAD
EX-2018-10151110- -GDEBA-SDRRDLP,Subsanación,TADCARATULADORRPP,TAD
EX-2018-24781633- -GDEBA-SDRRDLP,Subsanación,TADCARATULADORRPP,TAD
EX-2018-15911698- -GDEBA-SDRRDLP,Subsanación,TADCARATULADORRPP,TAD
EX-2019-09438254- -GDEBA-SDRRDLP,Subsanación,TADCARATULADORRPP,TAD
EX-2018-24977741- -GDEBA-SDRRDLP,Subsanación,TADCARATULADORRPP,TAD
EX-2018-10226940- -GDEBA-SDRRDLP,Subsanación,TADCARATULADORRPP,TAD
EX-2018-24961449- -GDEBA-SDRRDLP,Subsanación,TADCARATULADORRPP,TAD
EX-2018-25220185- -GDEBA-SDRRDLP,Subsanación,TADCARATULADORRPP,TAD
EX-2018-25187939- -GDEBA-SDRRDLP,Subsanación,TADCARATULADORRPP,TAD
EX-2018-24770706- -GDEBA-SDRRDLP,Subsanación,TADCARATULADORRPP,TAD
EX-2018-22278446- -GDEBA-SDRRDLP,Subsanación,TADCARATULADORRPP,TAD
EX-2018-20316073- -GDEBA-SDRRDLP,Subsanación,TADCARATULADORRPP,TAD
EX-2018-25185984- -GDEBA-SDRRDLP,Subsanación,TADCARATULADORRPP,TAD
EX-2018-09657659- -GDEBA-SDRRDLP,Subsanación,TADCARATULADORRPP,TAD
EX-2018-09915475- -GDEBA-SDRRDLP,Subsanación,TADCARATULADORRPP,TAD
EX-2018-08987617- -GDEBA-SDRRDLP,Subsanación,TADCARATULADORRPP,TAD
EX-2018-08988265- -GDEBA-SDRRDLP,Subsanación,TADCARATULADORRPP,TAD
EX-2018-29168632- -GDEBA-SDRRDLP,Subsanación,TADCARATULADORRPP,TAD
EX-2019-09430356- -GDEBA-SDRRDLP,Subsanación,TADCARATULADORRPP,TAD
EX-2018-25388569- -GDEBA-SDRRDLP,Subsanación,TADCARATULADORRPP,TAD
EX-2019-09449472- -GDEBA-SDRRDLP,Subsanación,TADCARATULADORRPP,TAD
EX-2018-10151023- -GDEBA-SDRRDLP,Subsanación,TADCARATULADORRPP,TAD
EX-2018-24401118- -GDEBA-SDRRDLP,Subsanación,TADCARATULADORRPP,TAD
EX-2018-24781750- -GDEBA-SDRRDLP,Subsanación,TADCARATULADORRPP,TAD
EX-2018-25589363- -GDEBA-SDRRDLP,Subsanación,TADCARATULADORRPP,TAD
EX-2018-24779394- -GDEBA-SDRRDLP,Subsanación,TADCARATULADORRPP,TAD
EX-2018-25181374- -GDEBA-SDRRDLP,Subsanación,TADCARATULADORRPP,TAD
EX-2018-25399986- -GDEBA-SDRRDLP,Subsanación,TADCARATULADORRPP,TAD
EX-2018-10730682- -GDEBA-SDRRDLP,Subsanación,TADCARATULADORRPP,TAD
EX-2018-25187032- -GDEBA-SDRRDLP,Subsanación,TADCARATULADORRPP,TAD
EX-2018-24977683- -GDEBA-SDRRDLP,Subsanación,TADCARATULADORRPP,TAD
EX-2018-22281163- -GDEBA-SDRRDLP,Subsanación,TADCARATULADORRPP,TAD
EX-2018-25176382- -GDEBA-SDRRDLP,Subsanación,TADCARATULADORRPP,TAD
EX-2018-25826097- -GDEBA-SDRRDLP,Subsanación,TADCARATULADORRPP,TAD
EX-2018-24977646- -GDEBA-SDRRDLP,Subsanación,TADCARATULADORRPP,TAD
EX-2018-25397650- -GDEBA-SDRRDLP,Subsanación,TADCARATULADORRPP,TAD
EX-2018-21280115- -GDEBA-SDRRDLP,Subsanación,TADCARATULADORRPP,TAD
EX-2018-08988281- -GDEBA-SDRRDLP,Subsanación,TADCARATULADORRPP,TAD
EX-2018-25400865- -GDEBA-SDRRDLP,Subsanación,TADCARATULADORRPP,TAD
EX-2018-15510139- -GDEBA-SDRRDLP,Subsanación,TADCARATULADORRPP,TAD
EX-2018-25078791- -GDEBA-SDRRDLP,Subsanación,TADCARATULADORRPP,TAD
EX-2018-15913519- -GDEBA-SDRRDLP,Subsanación,TADCARATULADORRPP,TAD
EX-2018-25186112- -GDEBA-SDRRDLP,Subsanación,TADCARATULADORRPP,TAD
EX-2018-25236698- -GDEBA-SDRRDLP,Subsanación,TADCARATULADORRPP,TAD
EX-2018-25182043- -GDEBA-SDRRDLP,Subsanación,TADCARATULADORRPP,TAD
EX-2018-25186912- -GDEBA-SDRRDLP,Subsanación,TADCARATULADORRPP,TAD
EX-2018-25225231- -GDEBA-SDRRDLP,Subsanación,TADCARATULADORRPP,TAD
EX-2018-24977768- -GDEBA-SDRRDLP,Subsanación,TADCARATULADORRPP,TAD
EX-2018-25229030- -GDEBA-SDRRDLP,Subsanación,TADCARATULADORRPP,TAD
EX-2018-17500734- -GDEBA-SDRRDLP,Subsanación,TADCARATULADORRPP,TAD
EX-2018-24977877- -GDEBA-SDRRDLP,Subsanación,TADCARATULADORRPP,TAD
EX-2018-24977628- -GDEBA-SDRRDLP,Subsanación,TADCARATULADORRPP,TAD
EX-2018-25131517- -GDEBA-SDRRDLP,Subsanación,TADCARATULADORRPP,TAD
EX-2018-30752141- -GDEBA-SDRRDLP,Subsanación,TADCARATULADORRPP,TAD
EX-2018-10151114- -GDEBA-SDRRDLP,Subsanación,TADCARATULADORRPP,TAD
EX-2018-10150414- -GDEBA-SDRRDLP,Subsanación,TADCARATULADORRPP,TAD
EX-2018-15510127- -GDEBA-SDRRDLP,Subsanación,TADCARATULADORRPP,TAD
EX-2018-09915326- -GDEBA-SDRRDLP,Subsanación,TADCARATULADORRPP,TAD
EX-2018-13054912- -GDEBA-SDRRDLP,Subsanación,TADCARATULADORRPP,TAD
EX-2018-23304503- -GDEBA-SDRRDLP,Subsanación,TADCARATULADORRPP,TAD
EX-2018-23329633- -GDEBA-SDRRDLP,Subsanación,TADCARATULADORRPP,TAD
EX-2019-09450567- -GDEBA-SDRRDLP,Subsanación,TADCARATULADORRPP,TAD
EX-2018-31752940- -GDEBA-SDRRDLP,Subsanación,TADCARATULADORRPP,TAD
EX-2018-24981566- -GDEBA-SDRRDLP,Subsanación,TADCARATULADORRPP,TAD
EX-2018-15510152- -GDEBA-SDRRDLP,Subsanación,TADCARATULADORRPP,TAD
EX-2018-10534963- -GDEBA-SDRRDLP,Subsanación,TADCARATULADORRPP,TAD
EX-2018-24984315- -GDEBA-SDRRDLP,Subsanación,TADCARATULADORRPP,TAD
EX-2018-25476300- -GDEBA-SDRRDLP,Subsanación,TADCARATULADORRPP,TAD
EX-2018-24981481- -GDEBA-SDRRDLP,Subsanación,TADCARATULADORRPP,TAD
EX-2018-23320155- -GDEBA-SDRRDLP,Subsanación,TADCARATULADORRPP,TAD
EX-2018-30754335- -GDEBA-SDRRDLP,Subsanación,TADCARATULADORRPP,TAD
EX-2018-16334362- -GDEBA-SDRRDLP,Subsanación,TADCARATULADORRPP,TAD
EX-2019-09421758- -GDEBA-SDRRDLP,Subsanación,TADCARATULADORRPP,TAD
EX-2018-09112138- -GDEBA-SDRRDLP,Subsanación,TADCARATULADORRPP,TAD
EX-2018-25071433- -GDEBA-SDRRDLP,Subsanación,TADCARATULADORRPP,TAD
EX-2018-25239630- -GDEBA-SDRRDLP,Subsanación,TADCARATULADORRPP,TAD
EX-2018-12360708- -GDEBA-SDRRDLP,Subsanación,TADCARATULADORRPP,TAD
EX-2018-09915462- -GDEBA-SDRRDLP,Subsanación,TADCARATULADORRPP,TAD
EX-2018-25397109- -GDEBA-SDRRDLP,Subsanación,TADCARATULADORRPP,TAD
EX-2018-10150405- -GDEBA-SDRRDLP,Subsanación,TADCARATULADORRPP,TAD
EX-2018-25237966- -GDEBA-SDRRDLP,Subsanación,TADCARATULADORRPP,TAD
EX-2018-10151068- -GDEBA-SDRRDLP,Subsanación,TADCARATULADORRPP,TAD
EX-2019-09428756- -GDEBA-SDRRDLP,Subsanación,TADCARATULADORRPP,TAD
EX-2018-24779330- -GDEBA-SDRRDLP,Subsanación,TADCARATULADORRPP,TAD
EX-2018-25401914- -GDEBA-SDRRDLP,Subsanación,TADCARATULADORRPP,TAD
EX-2018-24979708- -GDEBA-SDRRDLP,Subsanación,TADCARATULADORRPP,TAD
EX-2018-24979637- -GDEBA-SDRRDLP,Subsanación,TADCARATULADORRPP,TAD
EX-2018-08988356- -GDEBA-SDRRDLP,Subsanación,TADCARATULADORRPP,TAD
EX-2018-24781883- -GDEBA-SDRRDLP,Subsanación,TADCARATULADORRPP,TAD
EX-2018-25819377- -GDEBA-SDRRDLP,Subsanación,TADCARATULADORRPP,TAD
EX-2018-09915383- -GDEBA-SDRRDLP,Subsanación,TADCARATULADORRPP,TAD
EX-2018-10152325- -GDEBA-SDRRDLP,Subsanación,TADCARATULADORRPP,TAD
EX-2018-25237414- -GDEBA-SDRRDLP,Subsanación,TADCARATULADORRPP,TAD
EX-2018-16127389- -GDEBA-SDRRDLP,Subsanación,TADCARATULADORRPP,TAD
EX-2018-25831222- -GDEBA-SDRRDLP,Subsanación,TADCARATULADORRPP,TAD
EX-2018-25072277- -GDEBA-SDRRDLP,Subsanación,TADCARATULADORRPP,TAD
EX-2018-24782056- -GDEBA-SDRRDLP,Subsanación,TADCARATULADORRPP,TAD
EX-2018-10152416- -GDEBA-SDRRDLP,Subsanación,TADCARATULADORRPP,TAD
EX-2018-16334272- -GDEBA-SDRRDLP,Subsanación,TADCARATULADORRPP,TAD
EX-2018-18985716- -GDEBA-SDRRDLP,Subsanación,TADCARATULADORRPP,TAD
EX-2018-09915495- -GDEBA-SDRRDLP,Subsanación,TADCARATULADORRPP,TAD
EX-2018-24781954- -GDEBA-SDRRDLP,Subsanación,TADCARATULADORRPP,TAD
EX-2018-19258798- -GDEBA-SDRRDLP,Subsanación,TADCARATULADORRPP,TAD
EX-2018-25770784- -GDEBA-SDRRDLP,Subsanación,TADCARATULADORRPP,TAD
EX-2018-10150964- -GDEBA-SDRRDLP,Subsanación,TADCARATULADORRPP,TAD
EX-2018-25235541- -GDEBA-SDRRDLP,Subsanación,TADCARATULADORRPP,TAD
EX-2018-15571301- -GDEBA-SDRRDLP,Subsanación,TADCARATULADORRPP,TAD
EX-2018-09438630- -GDEBA-SDRRDLP,Subsanación,TADCARATULADORRPP,TAD
EX-2018-25187543- -GDEBA-SDRRDLP,Subsanación,TADCARATULADORRPP,TAD
EX-2018-24977629- -GDEBA-SDRRDLP,Subsanación,TADCARATULADORRPP,TAD
EX-2018-21281912- -GDEBA-SDRRDLP,Subsanación,TADCARATULADORRPP,TAD
EX-2018-15510002- -GDEBA-SDRRDLP,Subsanación,TADCARATULADORRPP,TAD
EX-2018-22282565- -GDEBA-SDRRDLP,Subsanación,TADCARATULADORRPP,TAD
EX-2018-25186580- -GDEBA-SDRRDLP,Subsanación,TADCARATULADORRPP,TAD
EX-2018-24770278- -GDEBA-SDRRDLP,Subsanación,TADCARATULADORRPP,TAD
EX-2018-25186050- -GDEBA-SDRRDLP,Subsanación,TADCARATULADORRPP,TAD
EX-2018-23133984- -GDEBA-SDRRDLP,Subsanación,TADCARATULADORRPP,TAD
EX-2018-25389287- -GDEBA-SDRRDLP,Subsanación,TADCARATULADORRPP,TAD
EX-2018-24409586- -GDEBA-SDRRDLP,Subsanación,TADCARATULADORRPP,TAD
EX-2018-16334303- -GDEBA-SDRRDLP,Subsanación,TADCARATULADORRPP,TAD
EX-2018-10150710- -GDEBA-SDRRDLP,Subsanación,TADCARATULADORRPP,TAD
EX-2019-09445187- -GDEBA-SDRRDLP,Subsanación,TADCARATULADORRPP,TAD
EX-2018-25401864- -GDEBA-SDRRDLP,Subsanación,TADCARATULADORRPP,TAD
EX-2019-09423727- -GDEBA-SDRRDLP,Subsanación,TADCARATULADORRPP,TAD
EX-2018-15571293- -GDEBA-SDRRDLP,Subsanación,TADCARATULADORRPP,TAD
EX-2018-24977987- -GDEBA-SDRRDLP,Subsanación,TADCARATULADORRPP,TAD
EX-2018-31636316- -GDEBA-SDRRDLP,Subsanación,TADCARATULADORRPP,TAD
EX-2018-25186180- -GDEBA-SDRRDLP,Subsanación,TADCARATULADORRPP,TAD
EX-2018-25183681- -GDEBA-SDRRDLP,Subsanación,TADCARATULADORRPP,TAD
EX-2018-24781677- -GDEBA-SDRRDLP,Subsanación,TADCARATULADORRPP,TAD
EX-2018-15509723- -GDEBA-SDRRDLP,Subsanación,TADCARATULADORRPP,TAD
EX-2018-15509791- -GDEBA-SDRRDLP,Subsanación,TADCARATULADORRPP,TAD
EX-2018-08970811- -GDEBA-SDRRDLP,Subsanación,TADCARATULADORRPP,TAD
EX-2018-15510077- -GDEBA-SDRRDLP,Subsanación,TADCARATULADORRPP,TAD
EX-2019-09431084- -GDEBA-SDRRDLP,Subsanación,TADCARATULADORRPP,TAD
EX-2018-25398192- -GDEBA-SDRRDLP,Subsanación,TADCARATULADORRPP,TAD
EX-2018-25071448- -GDEBA-SDRRDLP,Subsanación,TADCARATULADORRPP,TAD
EX-2018-10150984- -GDEBA-SDRRDLP,Subsanación,TADCARATULADORRPP,TAD
EX-2018-09915469- -GDEBA-SDRRDLP,Subsanación,TADCARATULADORRPP,TAD
EX-2018-23310736- -GDEBA-SDRRDLP,Subsanación,TADCARATULADORRPP,TAD
EX-2018-15011240- -GDEBA-SDRRDLP,Subsanación,TADCARATULADORRPP,TAD
EX-2018-23294467- -GDEBA-SDRRDLP,Subsanación,TADCARATULADORRPP,TAD
EX-2018-22846207- -GDEBA-SDRRDLP,Subsanación,TADCARATULADORRPP,TAD
EX-2018-09915471- -GDEBA-SDRRDLP,Subsanación,TADCARATULADORRPP,TAD
EX-2018-25186119- -GDEBA-SDRRDLP,Subsanación,TADCARATULADORRPP,TAD
EX-2018-24782095- -GDEBA-SDRRDLP,Subsanación,TADCARATULADORRPP,TAD
EX-2018-24977924- -GDEBA-SDRRDLP,Subsanación,TADCARATULADORRPP,TAD
EX-2018-29549939- -GDEBA-SDRRDLP,Subsanación,TADCARATULADORRPP,TAD
EX-2018-09915415- -GDEBA-SDRRDLP,Subsanación,TADCARATULADORRPP,TAD
EX-2018-24781532- -GDEBA-SDRRDLP,Subsanación,TADCARATULADORRPP,TAD
EX-2018-25401921- -GDEBA-SDRRDLP,Subsanación,TADCARATULADORRPP,TAD
EX-2018-25230203- -GDEBA-SDRRDLP,Subsanación,TADCARATULADORRPP,TAD
EX-2019-09418881- -GDEBA-SDRRDLP,Subsanación,TADCARATULADORRPP,TAD
EX-2018-23428531- -GDEBA-SDRRDLP,Subsanación,TADCARATULADORRPP,TAD
EX-2018-17504206- -GDEBA-SDRRDLP,Subsanación,TADCARATULADORRPP,TAD
EX-2018-25187233- -GDEBA-SDRRDLP,Subsanación,TADCARATULADORRPP,TAD
EX-2018-15504706- -GDEBA-SDRRDLP,Subsanación,TADCARATULADORRPP,TAD
EX-2018-25397275- -GDEBA-SDRRDLP,Subsanación,TADCARATULADORRPP,TAD
EX-2018-10152387- -GDEBA-SDRRDLP,Subsanación,TADCARATULADORRPP,TAD
EX-2018-25398370- -GDEBA-SDRRDLP,Subsanación,TADCARATULADORRPP,TAD
EX-2018-24781474- -GDEBA-SDRRDLP,Subsanación,TADCARATULADORRPP,TAD
EX-2018-24781881- -GDEBA-SDRRDLP,Subsanación,TADCARATULADORRPP,TAD
EX-2018-16334228- -GDEBA-SDRRDLP,Subsanación,TADCARATULADORRPP,TAD
EX-2018-15568953- -GDEBA-SDRRDLP,Subsanación,TADCARATULADORRPP,TAD
EX-2018-22278457- -GDEBA-SDRRDLP,Subsanación,TADCARATULADORRPP,TAD
EX-2018-25400048- -GDEBA-SDRRDLP,Subsanación,TADCARATULADORRPP,TAD
EX-2018-15510133- -GDEBA-SDRRDLP,Subsanación,TADCARATULADORRPP,TAD
EX-2018-24781943- -GDEBA-SDRRDLP,Subsanación,TADCARATULADORRPP,TAD
EX-2018-09915486- -GDEBA-SDRRDLP,Subsanación,TADCARATULADORRPP,TAD
EX-2018-25822608- -GDEBA-SDRRDLP,Subsanación,TADCARATULADORRPP,TAD
EX-2018-25186038- -GDEBA-SDRRDLP,Subsanación,TADCARATULADORRPP,TAD
EX-2018-24756596- -GDEBA-SDRRDLP,Subsanación,TADCARATULADORRPP,TAD
EX-2018-23323297- -GDEBA-SDRRDLP,Subsanación,TADCARATULADORRPP,TAD
EX-2018-24779361- -GDEBA-SDRRDLP,Subsanación,TADCARATULADORRPP,TAD
EX-2018-14509523- -GDEBA-SDRRDLP,Subsanación,TADCARATULADORRPP,TAD
EX-2018-24781703- -GDEBA-SDRRDLP,Subsanación,TADCARATULADORRPP,TAD
EX-2018-14674582- -GDEBA-SDRRDLP,Subsanación,TADCARATULADORRPP,TAD
EX-2019-09430582- -GDEBA-SDRRDLP,Subsanación,TADCARATULADORRPP,TAD
EX-2018-10150953- -GDEBA-SDRRDLP,Subsanación,TADCARATULADORRPP,TAD
EX-2019-09419464- -GDEBA-SDRRDLP,Subsanación,TADCARATULADORRPP,TAD
EX-2018-10151025- -GDEBA-SDRRDLP,Subsanación,TADCARATULADORRPP,TAD
EX-2018-13833638- -GDEBA-SDRRDLP,Subsanación,TADCARATULADORRPP,TAD
EX-2019-09417482- -GDEBA-SDRRDLP,Subsanación,TADCARATULADORRPP,TAD
EX-2018-25188115- -GDEBA-SDRRDLP,Subsanación,TADCARATULADORRPP,TAD
EX-2018-09915449- -GDEBA-SDRRDLP,Subsanación,TADCARATULADORRPP,TAD
EX-2018-09915227- -GDEBA-SDRRDLP,Subsanación,TADCARATULADORRPP,TAD
EX-2018-24782190- -GDEBA-SDRRDLP,Subsanación,TADCARATULADORRPP,TAD
EX-2018-24398142- -GDEBA-SDRRDLP,Subsanación,TADCARATULADORRPP,TAD
EX-2018-29429889- -GDEBA-SDRRDLP,Subsanación,TADCARATULADORRPP,TAD
EX-2018-25397929- -GDEBA-SDRRDLP,Subsanación,TADCARATULADORRPP,TAD
EX-2018-15510038- -GDEBA-SDRRDLP,Subsanación,TADCARATULADORRPP,TAD
EX-2018-25237195- -GDEBA-SDRRDLP,Subsanación,TADCARATULADORRPP,TAD
EX-2018-10152356- -GDEBA-SDRRDLP,Subsanación,TADCARATULADORRPP,TAD
EX-2018-25400858- -GDEBA-SDRRDLP,Subsanación,TADCARATULADORRPP,TAD
EX-2018-15510036- -GDEBA-SDRRDLP,Subsanación,TADCARATULADORRPP,TAD
EX-2018-17510748- -GDEBA-SDRRDLP,Subsanación,TADCARATULADORRPP,TAD
EX-2018-09915314- -GDEBA-SDRRDLP,Subsanación,TADCARATULADORRPP,TAD
EX-2018-15016328- -GDEBA-SDRRDLP,Subsanación,TADCARATULADORRPP,TAD
EX-2018-09915500- -GDEBA-SDRRDLP,Subsanación,TADCARATULADORRPP,TAD
EX-2019-09436917- -GDEBA-SDRRDLP,Subsanación,TADCARATULADORRPP,TAD
EX-2018-09915493- -GDEBA-SDRRDLP,Subsanación,TADCARATULADORRPP,TAD
EX-2018-25234985- -GDEBA-SDRRDLP,Subsanación,TADCARATULADORRPP,TAD
EX-2018-09915386- -GDEBA-SDRRDLP,Subsanación,TADCARATULADORRPP,TAD
EX-2018-23317515- -GDEBA-SDRRDLP,Subsanación,TADCARATULADORRPP,TAD
EX-2018-25187582- -GDEBA-SDRRDLP,Subsanación,TADCARATULADORRPP,TAD
EX-2018-25187460- -GDEBA-SDRRDLP,Subsanación,TADCARATULADORRPP,TAD
EX-2018-25234431- -GDEBA-SDRRDLP,Subsanación,TADCARATULADORRPP,TAD
EX-2018-24782106- -GDEBA-SDRRDLP,Subsanación,TADCARATULADORRPP,TAD
EX-2018-25243917- -GDEBA-SDRRDLP,Subsanación,TADCARATULADORRPP,TAD
EX-2018-22298687- -GDEBA-SDRRDLP,Subsanación,TADCARATULADORRPP,TAD
EX-2018-09657026- -GDEBA-SDRRDLP,Subsanación,TADCARATULADORRPP,TAD
EX-2018-16129598- -GDEBA-SDRRDLP,Subsanación,TADCARATULADORRPP,TAD
EX-2018-25862517- -GDEBA-SDRRDLP,Subsanación,TADCARATULADORRPP,TAD
EX-2018-21779919- -GDEBA-SDRRDLP,Subsanación,TADCARATULADORRPP,TAD
EX-2018-23316421- -GDEBA-SDRRDLP,Subsanación,TADCARATULADORRPP,TAD
EX-2018-09915247- -GDEBA-SDRRDLP,Subsanación,TADCARATULADORRPP,TAD
EX-2018-25225276- -GDEBA-SDRRDLP,Subsanación,TADCARATULADORRPP,TAD
EX-2018-15844610- -GDEBA-SDRRDLP,Subsanación,TADCARATULADORRPP,TAD
EX-2018-09915290- -GDEBA-SDRRDLP,Subsanación,TADCARATULADORRPP,TAD
EX-2018-25400166- -GDEBA-SDRRDLP,Subsanación,TADCARATULADORRPP,TAD
EX-2018-09915241- -GDEBA-SDRRDLP,Subsanación,TADCARATULADORRPP,TAD
EX-2018-23321948- -GDEBA-SDRRDLP,Subsanación,TADCARATULADORRPP,TAD
EX-2018-24975909- -GDEBA-SDRRDLP,Subsanación,TADCARATULADORRPP,TAD
EX-2018-24977869- -GDEBA-SDRRDLP,Subsanación,TADCARATULADORRPP,TAD
EX-2018-25069826- -GDEBA-SDRRDLP,Subsanación,TADCARATULADORRPP,TAD
EX-2018-15510067- -GDEBA-SDRRDLP,Subsanación,TADCARATULADORRPP,TAD
EX-2018-15510159- -GDEBA-SDRRDLP,Subsanación,TADCARATULADORRPP,TAD
EX-2018-25184020- -GDEBA-SDRRDLP,Subsanación,TADCARATULADORRPP,TAD
EX-2018-25135251- -GDEBA-SDRRDLP,Subsanación,TADCARATULADORRPP,TAD
EX-2018-25234993- -GDEBA-SDRRDLP,Subsanación,TADCARATULADORRPP,TAD
EX-2018-25187960- -GDEBA-SDRRDLP,Subsanación,TADCARATULADORRPP,TAD
EX-2018-09915296- -GDEBA-SDRRDLP,Subsanación,TADCARATULADORRPP,TAD
EX-2018-24782064- -GDEBA-SDRRDLP,Subsanación,TADCARATULADORRPP,TAD
EX-2018-16334342- -GDEBA-SDRRDLP,Subsanación,TADCARATULADORRPP,TAD
EX-2018-25234489- -GDEBA-SDRRDLP,Subsanación,TADCARATULADORRPP,TAD
EX-2018-24770301- -GDEBA-SDRRDLP,Subsanación,TADCARATULADORRPP,TAD
EX-2018-23974501- -GDEBA-SDRRDLP,Subsanación,TADCARATULADORRPP,TAD
EX-2018-11468227- -GDEBA-SDRRDLP,Subsanación,TADCARATULADORRPP,TAD
EX-2018-25219081- -GDEBA-SDRRDLP,Subsanación,TADCARATULADORRPP,TAD
EX-2018-24782322- -GDEBA-SDRRDLP,Subsanación,TADCARATULADORRPP,TAD
EX-2018-25240708- -GDEBA-SDRRDLP,Subsanación,TADCARATULADORRPP,TAD
EX-2018-16617238- -GDEBA-SDRRDLP,Subsanación,TADCARATULADORRPP,TAD
EX-2018-19094181- -GDEBA-SDRRDLP,Subsanación,TADCARATULADORRPP,TAD
EX-2018-10150401- -GDEBA-SDRRDLP,Subsanación,TADCARATULADORRPP,TAD
EX-2018-15913492- -GDEBA-SDRRDLP,Subsanación,TADCARATULADORRPP,TAD
EX-2018-25389474- -GDEBA-SDRRDLP,Subsanación,TADCARATULADORRPP,TAD
EX-2018-08988327- -GDEBA-SDRRDLP,Subsanación,TADCARATULADORRPP,TAD
EX-2018-31757211- -GDEBA-SDRRDLP,Subsanación,TADCARATULADORRPP,TAD
EX-2018-25824254- -GDEBA-SDRRDLP,Subsanación,TADCARATULADORRPP,TAD
EX-2018-15486140- -GDEBA-SDRRDLP,Subsanación,TADCARATULADORRPP,TAD
EX-2018-16334294- -GDEBA-SDRRDLP,Subsanación,TADCARATULADORRPP,TAD
EX-2018-15504451- -GDEBA-SDRRDLP,Subsanación,TADCARATULADORRPP,TAD
EX-2019-09429158- -GDEBA-SDRRDLP,Subsanación,TADCARATULADORRPP,TAD
EX-2018-24781736- -GDEBA-SDRRDLP,Subsanación,TADCARATULADORRPP,TAD
EX-2018-09915277- -GDEBA-SDRRDLP,Subsanación,TADCARATULADORRPP,TAD
EX-2018-09915503- -GDEBA-SDRRDLP,Subsanación,TADCARATULADORRPP,TAD
EX-2018-25403134- -GDEBA-SDRRDLP,Subsanación,TADCARATULADORRPP,TAD
EX-2018-23323328- -GDEBA-SDRRDLP,Subsanación,TADCARATULADORRPP,TAD
EX-2018-08988354- -GDEBA-SDRRDLP,Subsanación,TADCARATULADORRPP,TAD
EX-2018-10152359- -GDEBA-SDRRDLP,Subsanación,TADCARATULADORRPP,TAD
EX-2018-25069685- -GDEBA-SDRRDLP,Subsanación,TADCARATULADORRPP,TAD
EX-2018-10151011- -GDEBA-SDRRDLP,Subsanación,TADCARATULADORRPP,TAD
EX-2018-26776748- -GDEBA-SDRRDLP,Subsanación,TADCARATULADORRPP,TAD
EX-2018-25171210- -GDEBA-SDRRDLP,Subsanación,TADCARATULADORRPP,TAD
EX-2018-10150986- -GDEBA-SDRRDLP,Subsanación,TADCARATULADORRPP,TAD
EX-2018-25589361- -GDEBA-SDRRDLP,Subsanación,TADCARATULADORRPP,TAD
EX-2018-15913482- -GDEBA-SDRRDLP,Subsanación,TADCARATULADORRPP,TAD
EX-2018-25226722- -GDEBA-SDRRDLP,Subsanación,TADCARATULADORRPP,TAD
EX-2018-19093154- -GDEBA-SDRRDLP,Subsanación,TADCARATULADORRPP,TAD
EX-2018-08984236- -GDEBA-SDRRDLP,Subsanación,TADCARATULADORRPP,TAD
EX-2018-32665136- -GDEBA-SDRRDLP,Subsanación,TADCARATULADORRPP,TAD
EX-2018-25827345- -GDEBA-SDRRDLP,Subsanación,TADCARATULADORRPP,TAD
EX-2018-25830572- -GDEBA-SDRRDLP,Subsanación,TADCARATULADORRPP,TAD
EX-2018-09915368- -GDEBA-SDRRDLP,Subsanación,TADCARATULADORRPP,TAD
EX-2018-25232567- -GDEBA-SDRRDLP,Subsanación,TADCARATULADORRPP,TAD
EX-2018-10535688- -GDEBA-SDRRDLP,Subsanación,TADCARATULADORRPP,TAD
EX-2018-25071853- -GDEBA-SDRRDLP,Subsanación,TADCARATULADORRPP,TAD
EX-2018-24782155- -GDEBA-SDRRDLP,Subsanación,TADCARATULADORRPP,TAD
EX-2018-25051064- -GDEBA-SDRRDLP,Subsanación,TADCARATULADORRPP,TAD
EX-2018-15787512- -GDEBA-SDRRDLP,Subsanación,TADCARATULADORRPP,TAD
EX-2018-24782395- -GDEBA-SDRRDLP,Subsanación,TADCARATULADORRPP,TAD
EX-2018-25236651- -GDEBA-SDRRDLP,Subsanación,TADCARATULADORRPP,TAD
EX-2019-09431095- -GDEBA-SDRRDLP,Subsanación,TADCARATULADORRPP,TAD
EX-2018-16389027- -GDEBA-SDRRDLP,Subsanación,TADCARATULADORRPP,TAD
EX-2018-15787335- -GDEBA-SDRRDLP,Subsanación,TADCARATULADORRPP,TAD
EX-2018-15510047- -GDEBA-SDRRDLP,Subsanación,TADCARATULADORRPP,TAD
EX-2018-25852908- -GDEBA-SDRRDLP,Subsanación,TADCARATULADORRPP,TAD
EX-2018-25242846- -GDEBA-SDRRDLP,Subsanación,TADCARATULADORRPP,TAD
EX-2018-24782313- -GDEBA-SDRRDLP,Subsanación,TADCARATULADORRPP,TAD
EX-2018-25401874- -GDEBA-SDRRDLP,Subsanación,TADCARATULADORRPP,TAD
EX-2018-24770382- -GDEBA-SDRRDLP,Subsanación,TADCARATULADORRPP,TAD
EX-2018-10152347- -GDEBA-SDRRDLP,Subsanación,TADCARATULADORRPP,TAD
EX-2018-14304819- -GDEBA-SDRRDLP,Subsanación,TADCARATULADORRPP,TAD
EX-2018-13870465- -GDEBA-SDRRDLP,Subsanación,TADCARATULADORRPP,TAD
EX-2018-24782161- -GDEBA-SDRRDLP,Subsanación,TADCARATULADORRPP,TAD
EX-2018-10150989- -GDEBA-SDRRDLP,Subsanación,TADCARATULADORRPP,TAD
EX-2018-24782287- -GDEBA-SDRRDLP,Subsanación,TADCARATULADORRPP,TAD
EX-2018-25401930- -GDEBA-SDRRDLP,Subsanación,TADCARATULADORRPP,TAD
EX-2018-25217939- -GDEBA-SDRRDLP,Subsanación,TADCARATULADORRPP,TAD
EX-2018-25398946- -GDEBA-SDRRDLP,Subsanación,TADCARATULADORRPP,TAD
EX-2018-25181427- -GDEBA-SDRRDLP,Subsanación,TADCARATULADORRPP,TAD
EX-2018-09915283- -GDEBA-SDRRDLP,Subsanación,TADCARATULADORRPP,TAD
EX-2018-09915482- -GDEBA-SDRRDLP,Subsanación,TADCARATULADORRPP,TAD
EX-2018-08988386- -GDEBA-SDRRDLP,Subsanación,TADCARATULADORRPP,TAD
EX-2018-16334265- -GDEBA-SDRRDLP,Subsanación,TADCARATULADORRPP,TAD
EX-2018-24782351- -GDEBA-SDRRDLP,Subsanación,TADCARATULADORRPP,TAD
EX-2018-09915458- -GDEBA-SDRRDLP,Subsanación,TADCARATULADORRPP,TAD
EX-2018-09915229- -GDEBA-SDRRDLP,Subsanación,TADCARATULADORRPP,TAD
EX-2018-25225825- -GDEBA-SDRRDLP,Subsanación,TADCARATULADORRPP,TAD
EX-2018-15913512- -GDEBA-SDRRDLP,Subsanación,TADCARATULADORRPP,TAD
EX-2018-25243747- -GDEBA-SDRRDLP,Subsanación,TADCARATULADORRPP,TAD
EX-2018-25236048- -GDEBA-SDRRDLP,Subsanación,TADCARATULADORRPP,TAD
EX-2018-09915374- -GDEBA-SDRRDLP,Subsanación,TADCARATULADORRPP,TAD
EX-2018-25239700- -GDEBA-SDRRDLP,Subsanación,TADCARATULADORRPP,TAD
EX-2018-20306177- -GDEBA-SDRRDLP,Subsanación,TADCARATULADORRPP,TAD
EX-2018-25396350- -GDEBA-SDRRDLP,Subsanación,TADCARATULADORRPP,TAD
EX-2018-13611847- -GDEBA-SDRRDLP,Subsanación,TADCARATULADORRPP,TAD
EX-2018-13307842- -GDEBA-SDRRDLP,Subsanación,TADCARATULADORRPP,TAD
EX-2018-10152331- -GDEBA-SDRRDLP,Subsanación,TADCARATULADORRPP,TAD
EX-2018-25396057- -GDEBA-SDRRDLP,Subsanación,TADCARATULADORRPP,TAD
EX-2018-24980217- -GDEBA-SDRRDLP,Subsanación,TADCARATULADORRPP,TAD
EX-2018-25071499- -GDEBA-SDRRDLP,Subsanación,TADCARATULADORRPP,TAD
EX-2018-28243340- -GDEBA-SDRRDLP,Subsanación,TADCARATULADORRPP,TAD
EX-2018-24770464- -GDEBA-SDRRDLP,Subsanación,TADCARATULADORRPP,TAD
EX-2018-25830568- -GDEBA-SDRRDLP,Subsanación,TADCARATULADORRPP,TAD
EX-2018-25239355- -GDEBA-SDRRDLP,Subsanación,TADCARATULADORRPP,TAD
EX-2018-24781849- -GDEBA-SDRRDLP,Subsanación,TADCARATULADORRPP,TAD
EX-2018-25398165- -GDEBA-SDRRDLP,Subsanación,TADCARATULADORRPP,TAD
EX-2018-10151106- -GDEBA-SDRRDLP,Subsanación,TADCARATULADORRPP,TAD
EX-2018-09915328- -GDEBA-SDRRDLP,Subsanación,TADCARATULADORRPP,TAD
EX-2018-22567435- -GDEBA-SDRRDLP,Subsanación,TADCARATULADORRPP,TAD
EX-2018-22284023- -GDEBA-SDRRDLP,Subsanación,TADCARATULADORRPP,TAD
EX-2018-09915204- -GDEBA-SDRRDLP,Subsanación,TADCARATULADORRPP,TAD
EX-2018-25239711- -GDEBA-SDRRDLP,Subsanación,TADCARATULADORRPP,TAD
EX-2019-09430771- -GDEBA-SDRRDLP,Subsanación,TADCARATULADORRPP,TAD
EX-2018-09951060- -GDEBA-SDRRDLP,Subsanación,TADCARATULADORRPP,TAD
EX-2018-09915509- -GDEBA-SDRRDLP,Subsanación,TADCARATULADORRPP,TAD
EX-2018-08988248- -GDEBA-SDRRDLP,Subsanación,TADCARATULADORRPP,TAD
EX-2018-24976955- -GDEBA-SDRRDLP,Subsanación,TADCARATULADORRPP,TAD
EX-2018-25186327- -GDEBA-SDRRDLP,Subsanación,TADCARATULADORRPP,TAD
EX-2018-25401971- -GDEBA-SDRRDLP,Subsanación,TADCARATULADORRPP,TAD
EX-2018-27139607- -GDEBA-SDRRDLP,Subsanación,TADCARATULADORRPP,TAD
EX-2018-09915477- -GDEBA-SDRRDLP,Subsanación,TADCARATULADORRPP,TAD
EX-2018-15510162- -GDEBA-SDRRDLP,Subsanación,TADCARATULADORRPP,TAD
EX-2018-25182970- -GDEBA-SDRRDLP,Subsanación,TADCARATULADORRPP,TAD
EX-2018-10145096- -GDEBA-SDRRDLP,Subsanación,TADCARATULADORRPP,TAD
EX-2018-25397942- -GDEBA-SDRRDLP,Subsanación,TADCARATULADORRPP,TAD
EX-2018-23329628- -GDEBA-SDRRDLP,Subsanación,TADCARATULADORRPP,TAD
EX-2018-10152373- -GDEBA-SDRRDLP,Subsanación,TADCARATULADORRPP,TAD
EX-2018-10152314- -GDEBA-SDRRDLP,Subsanación,TADCARATULADORRPP,TAD
EX-2018-19755588- -GDEBA-SDRRDLP,Subsanación,TADCARATULADORRPP,TAD
EX-2018-25397766- -GDEBA-SDRRDLP,Subsanación,TADCARATULADORRPP,TAD
EX-2018-15510026- -GDEBA-SDRRDLP,Subsanación,TADCARATULADORRPP,TAD
EX-2018-28514043- -GDEBA-SDRRDLP,Subsanación,TADCARATULADORRPP,TAD
EX-2018-13064987- -GDEBA-SDRRDLP,Subsanación,TADCARATULADORRPP,TAD
EX-2018-25243791- -GDEBA-SDRRDLP,Subsanación,TADCARATULADORRPP,TAD
EX-2018-24974856- -GDEBA-SDRRDLP,Subsanación,TADCARATULADORRPP,TAD
EX-2018-09915424- -GDEBA-SDRRDLP,Subsanación,TADCARATULADORRPP,TAD
EX-2018-16850565- -GDEBA-SDRRDLP,Subsanación,TADCARATULADORRPP,TAD
EX-2018-31530689- -GDEBA-SDRRDLP,Subsanación,TADCARATULADORRPP,TAD
EX-2018-24781936- -GDEBA-SDRRDLP,Subsanación,TADCARATULADORRPP,TAD
EX-2018-24961590- -GDEBA-SDRRDLP,Subsanación,TADCARATULADORRPP,TAD
EX-2018-10152398- -GDEBA-SDRRDLP,Subsanación,TADCARATULADORRPP,TAD
EX-2019-09419852- -GDEBA-SDRRDLP,Subsanación,TADCARATULADORRPP,TAD
EX-2018-25239971- -GDEBA-SDRRDLP,Subsanación,TADCARATULADORRPP,TAD
EX-2018-15701637- -GDEBA-SDRRDLP,Subsanación,TADCARATULADORRPP,TAD
EX-2018-09915398- -GDEBA-SDRRDLP,Subsanación,TADCARATULADORRPP,TAD
EX-2018-25397539- -GDEBA-SDRRDLP,Subsanación,TADCARATULADORRPP,TAD
EX-2018-25237027- -GDEBA-SDRRDLP,Subsanación,TADCARATULADORRPP,TAD
EX-2018-24782041- -GDEBA-SDRRDLP,Subsanación,TADCARATULADORRPP,TAD
EX-2019-09446370- -GDEBA-SDRRDLP,Subsanación,TADCARATULADORRPP,TAD
EX-2018-15571280- -GDEBA-SDRRDLP,Subsanación,TADCARATULADORRPP,TAD
EX-2018-15486245- -GDEBA-SDRRDLP,Subsanación,TADCARATULADORRPP,TAD
EX-2018-14674592- -GDEBA-SDRRDLP,Subsanación,TADCARATULADORRPP,TAD
EX-2018-25242947- -GDEBA-SDRRDLP,Subsanación,TADCARATULADORRPP,TAD
EX-2018-22275301- -GDEBA-SDRRDLP,Subsanación,TADCARATULADORRPP,TAD
EX-2018-22274468- -GDEBA-SDRRDLP,Subsanación,TADCARATULADORRPP,TAD
EX-2018-29551941- -GDEBA-SDRRDLP,Subsanación,TADCARATULADORRPP,TAD
EX-2018-10150992- -GDEBA-SDRRDLP,Subsanación,TADCARATULADORRPP,TAD
EX-2018-08771332- -GDEBA-SDRRDLP,Subsanación,TADCARATULADORRPP,TAD
EX-2018-24769305- -GDEBA-SDRRDLP,Subsanación,TADCARATULADORRPP,TAD
EX-2018-15111396- -GDEBA-SDRRDLP,Subsanación,TADCARATULADORRPP,TAD
EX-2018-10154130- -GDEBA-SDRRDLP,Subsanación,TADCARATULADORRPP,TAD
EX-2018-09915231- -GDEBA-SDRRDLP,Subsanación,TADCARATULADORRPP,TAD
EX-2018-19776580- -GDEBA-SDRRDLP,Subsanación,TADCARATULADORRPP,TAD
EX-2018-10150997- -GDEBA-SDRRDLP,Subsanación,TADCARATULADORRPP,TAD
EX-2018-25401342- -GDEBA-SDRRDLP,Subsanación,TADCARATULADORRPP,TAD
EX-2018-10152318- -GDEBA-SDRRDLP,Subsanación,TADCARATULADORRPP,TAD
EX-2018-09915451- -GDEBA-SDRRDLP,Subsanación,TADCARATULADORRPP,TAD
EX-2018-15510085- -GDEBA-SDRRDLP,Subsanación,TADCARATULADORRPP,TAD
EX-2018-25396452- -GDEBA-SDRRDLP,Subsanación,TADCARATULADORRPP,TAD
EX-2018-10150422- -GDEBA-SDRRDLP,Subsanación,TADCARATULADORRPP,TAD
EX-2018-22284082- -GDEBA-SDRRDLP,Subsanación,TADCARATULADORRPP,TAD
EX-2018-19506035- -GDEBA-SDRRDLP,Subsanación,TADCARATULADORRPP,TAD
EX-2018-19785668- -GDEBA-SDRRDLP,Subsanación,TADCARATULADORRPP,TAD
EX-2019-09428072- -GDEBA-SDRRDLP,Subsanación,TADCARATULADORRPP,TAD
EX-2018-25186903- -GDEBA-SDRRDLP,Subsanación,TADCARATULADORRPP,TAD
EX-2018-25401932- -GDEBA-SDRRDLP,Subsanación,TADCARATULADORRPP,TAD
EX-2018-15113461- -GDEBA-SDRRDLP,Subsanación,TADCARATULADORRPP,TAD
EX-2018-25589532- -GDEBA-SDRRDLP,Subsanación,TADCARATULADORRPP,TAD
EX-2018-15509998- -GDEBA-SDRRDLP,Subsanación,TADCARATULADORRPP,TAD
EX-2018-15787337- -GDEBA-SDRRDLP,Subsanación,TADCARATULADORRPP,TAD
EX-2019-09429368- -GDEBA-SDRRDLP,Subsanación,TADCARATULADORRPP,TAD
EX-2019-09423180- -GDEBA-SDRRDLP,Subsanación,TADCARATULADORRPP,TAD
EX-2018-10152400- -GDEBA-SDRRDLP,Subsanación,TADCARATULADORRPP,TAD
EX-2018-09915251- -GDEBA-SDRRDLP,Subsanación,TADCARATULADORRPP,TAD
EX-2018-25389533- -GDEBA-SDRRDLP,Subsanación,TADCARATULADORRPP,TAD
EX-2018-15510031- -GDEBA-SDRRDLP,Subsanación,TADCARATULADORRPP,TAD
EX-2018-09915223- -GDEBA-SDRRDLP,Subsanación,TADCARATULADORRPP,TAD
EX-2018-10151006- -GDEBA-SDRRDLP,Subsanación,TADCARATULADORRPP,TAD
EX-2018-25475956- -GDEBA-SDRRDLP,Subsanación,TADCARATULADORRPP,TAD
EX-2018-25228811- -GDEBA-SDRRDLP,Subsanación,TADCARATULADORRPP,TAD
EX-2018-08988021- -GDEBA-SDRRDLP,Subsanación,TADCARATULADORRPP,TAD
EX-2018-25171175- -GDEBA-SDRRDLP,Subsanación,TADCARATULADORRPP,TAD
EX-2018-10152323- -GDEBA-SDRRDLP,Subsanación,TADCARATULADORRPP,TAD
EX-2018-24781960- -GDEBA-SDRRDLP,Subsanación,TADCARATULADORRPP,TAD
EX-2019-09437542- -GDEBA-SDRRDLP,Subsanación,TADCARATULADORRPP,TAD
EX-2018-16129593- -GDEBA-SDRRDLP,Subsanación,TADCARATULADORRPP,TAD
EX-2018-25074258- -GDEBA-SDRRDLP,Subsanación,TADCARATULADORRPP,TAD
EX-2018-25836466- -GDEBA-SDRRDLP,Subsanación,TADCARATULADORRPP,TAD
EX-2018-25589534- -GDEBA-SDRRDLP,Subsanación,TADCARATULADORRPP,TAD
EX-2018-15509810- -GDEBA-SDRRDLP,Subsanación,TADCARATULADORRPP,TAD
EX-2018-18703060- -GDEBA-SDRRDLP,Subsanación,TADCARATULADORRPP,TAD
EX-2018-25227396- -GDEBA-SDRRDLP,Subsanación,TADCARATULADORRPP,TAD
EX-2018-13512616- -GDEBA-SDRRDLP,Subsanación,TADCARATULADORRPP,TAD
EX-2018-19258228- -GDEBA-SDRRDLP,Subsanación,TADCARATULADORRPP,TAD
EX-2018-25402031- -GDEBA-SDRRDLP,Subsanación,TADCARATULADORRPP,TAD
EX-2018-25187905- -GDEBA-SDRRDLP,Subsanación,TADCARATULADORRPP,TAD
EX-2018-16334296- -GDEBA-SDRRDLP,Subsanación,TADCARATULADORRPP,TAD
EX-2018-15911691- -GDEBA-SDRRDLP,Subsanación,TADCARATULADORRPP,TAD
EX-2018-14096231- -GDEBA-SDRRDLP,Subsanación,TADCARATULADORRPP,TAD
EX-2018-25190875- -GDEBA-SDRRDLP,Subsanación,TADCARATULADORRPP,TAD
EX-2018-17623177- -GDEBA-SDRRDLP,Subsanación,TADCARATULADORRPP,TAD
EX-2018-15510143- -GDEBA-SDRRDLP,Subsanación,TADCARATULADORRPP,TAD
EX-2018-14302528- -GDEBA-SDRRDLP,Subsanación,TADCARATULADORRPP,TAD
EX-2018-31519349- -GDEBA-SDRRDLP,Subsanación,TADCARATULADORRPP,TAD
EX-2019-09428128- -GDEBA-SDRRDLP,Subsanación,TADCARATULADORRPP,TAD
EX-2019-09444785- -GDEBA-SDRRDLP,Subsanación,TADCARATULADORRPP,TAD
EX-2018-16606739- -GDEBA-SDRRDLP,Subsanación,TADCARATULADORRPP,TAD
EX-2019-35553497- -GDEBA-SDRRDLP,Subsanación,TADCARATULADORRPP,TAD
EX-2018-09915346- -GDEBA-SDRRDLP,Subsanación,TADCARATULADORRPP,TAD
EX-2018-09915364- -GDEBA-SDRRDLP,Subsanación,TADCARATULADORRPP,TAD
EX-2018-24770478- -GDEBA-SDRRDLP,Subsanación,TADCARATULADORRPP,TAD
EX-2018-25184753- -GDEBA-SDRRDLP,Subsanación,TADCARATULADORRPP,TAD
EX-2018-25396068- -GDEBA-SDRRDLP,Subsanación,TADCARATULADORRPP,TAD
EX-2018-25236765- -GDEBA-SDRRDLP,Subsanación,TADCARATULADORRPP,TAD
EX-2018-25835379- -GDEBA-SDRRDLP,Subsanación,TADCARATULADORRPP,TAD
EX-2018-13607972- -GDEBA-SDRRDLP,Subsanación,TADCARATULADORRPP,TAD
EX-2018-10150958- -GDEBA-SDRRDLP,Subsanación,TADCARATULADORRPP,TAD
EX-2018-16334321- -GDEBA-SDRRDLP,Subsanación,TADCARATULADORRPP,TAD
EX-2018-25186382- -GDEBA-SDRRDLP,Subsanación,TADCARATULADORRPP,TAD
EX-2018-08988337- -GDEBA-SDRRDLP,Subsanación,TADCARATULADORRPP,TAD
EX-2018-25838920- -GDEBA-SDRRDLP,Subsanación,TADCARATULADORRPP,TAD
EX-2018-19257126- -GDEBA-SDRRDLP,Subsanación,TADCARATULADORRPP,TAD
EX-2019-09428487- -GDEBA-SDRRDLP,Subsanación,TADCARATULADORRPP,TAD
EX-2018-25069243- -GDEBA-SDRRDLP,Subsanación,TADCARATULADORRPP,TAD
EX-2018-25187246- -GDEBA-SDRRDLP,Subsanación,TADCARATULADORRPP,TAD
EX-2018-22837745- -GDEBA-SDRRDLP,Subsanación,TADCARATULADORRPP,TAD
EX-2018-25229725- -GDEBA-SDRRDLP,Subsanación,TADCARATULADORRPP,TAD
EX-2018-25388519- -GDEBA-SDRRDLP,Subsanación,TADCARATULADORRPP,TAD
EX-2018-21781094- -GDEBA-SDRRDLP,Subsanación,TADCARATULADORRPP,TAD
EX-2018-08987010- -GDEBA-SDRRDLP,Subsanación,TADCARATULADORRPP,TAD
EX-2018-15509254- -GDEBA-SDRRDLP,Subsanación,TADCARATULADORRPP,TAD
EX-2018-15480768- -GDEBA-SDRRDLP,Subsanación,TADCARATULADORRPP,TAD
EX-2018-12573201- -GDEBA-SDRRDLP,Subsanación,TADCARATULADORRPP,TAD
EX-2018-25234521- -GDEBA-SDRRDLP,Subsanación,TADCARATULADORRPP,TAD
EX-2018-24781980- -GDEBA-SDRRDLP,Subsanación,TADCARATULADORRPP,TAD
EX-2018-24770439- -GDEBA-SDRRDLP,Subsanación,TADCARATULADORRPP,TAD
EX-2018-15510136- -GDEBA-SDRRDLP,Subsanación,TADCARATULADORRPP,TAD
EX-2018-24977739- -GDEBA-SDRRDLP,Subsanación,TADCARATULADORRPP,TAD
EX-2018-23316408- -GDEBA-SDRRDLP,Subsanación,TADCARATULADORRPP,TAD
EX-2018-25242930- -GDEBA-SDRRDLP,Subsanación,TADCARATULADORRPP,TAD
EX-2018-25222416- -GDEBA-SDRRDLP,Subsanación,TADCARATULADORRPP,TAD
EX-2018-25397493- -GDEBA-SDRRDLP,Subsanación,TADCARATULADORRPP,TAD
EX-2018-25397602- -GDEBA-SDRRDLP,Subsanación,TADCARATULADORRPP,TAD
EX-2018-25186992- -GDEBA-SDRRDLP,Subsanación,TADCARATULADORRPP,TAD
EX-2018-26785905- -GDEBA-SDRRDLP,Subsanación,TADCARATULADORRPP,TAD
EX-2018-16334345- -GDEBA-SDRRDLP,Subsanación,TADCARATULADORRPP,TAD
EX-2018-22282574- -GDEBA-SDRRDLP,Subsanación,TADCARATULADORRPP,TAD
EX-2018-09915507- -GDEBA-SDRRDLP,Subsanación,TADCARATULADORRPP,TAD
EX-2018-24779308- -GDEBA-SDRRDLP,Subsanación,TADCARATULADORRPP,TAD
EX-2018-24770700- -GDEBA-SDRRDLP,Subsanación,TADCARATULADORRPP,TAD
EX-2018-23065656- -GDEBA-SDRRDLP,Subsanación,TADCARATULADORRPP,TAD
EX-2018-16977051- -GDEBA-SDRRDLP,Subsanación,TADCARATULADORRPP,TAD
EX-2018-10533571- -GDEBA-SDRRDLP,Subsanación,TADCARATULADORRPP,TAD
EX-2018-25181731- -GDEBA-SDRRDLP,Subsanación,TADCARATULADORRPP,TAD
EX-2018-08988293- -GDEBA-SDRRDLP,Subsanación,TADCARATULADORRPP,TAD
EX-2018-09915357- -GDEBA-SDRRDLP,Subsanación,TADCARATULADORRPP,TAD
EX-2018-25860396- -GDEBA-SDRRDLP,Subsanación,TADCARATULADORRPP,TAD
EX-2018-09915378- -GDEBA-SDRRDLP,Subsanación,TADCARATULADORRPP,TAD
EX-2018-24781844- -GDEBA-SDRRDLP,Subsanación,TADCARATULADORRPP,TAD
EX-2018-15503966- -GDEBA-SDRRDLP,Subsanación,TADCARATULADORRPP,TAD
EX-2018-10150995- -GDEBA-SDRRDLP,Subsanación,TADCARATULADORRPP,TAD
EX-2018-17273076- -GDEBA-SDRRDLP,Subsanación,TADCARATULADORRPP,TAD
EX-2018-25399039- -GDEBA-SDRRDLP,Subsanación,TADCARATULADORRPP,TAD
EX-2018-16129581- -GDEBA-SDRRDLP,Subsanación,TADCARATULADORRPP,TAD
EX-2019-35553315- -GDEBA-SDRRDLP,Subsanación,TADCARATULADORRPP,TAD
EX-2018-16334402- -GDEBA-SDRRDLP,Subsanación,TADCARATULADORRPP,TAD
EX-2018-25072280- -GDEBA-SDRRDLP,Subsanación,TADCARATULADORRPP,TAD
EX-2018-25239078- -GDEBA-SDRRDLP,Subsanación,TADCARATULADORRPP,TAD
EX-2018-25238419- -GDEBA-SDRRDLP,Subsanación,TADCARATULADORRPP,TAD
EX-2018-24976336- -GDEBA-SDRRDLP,Subsanación,TADCARATULADORRPP,TAD
EX-2018-09915239- -GDEBA-SDRRDLP,Subsanación,TADCARATULADORRPP,TAD
EX-2018-09915233- -GDEBA-SDRRDLP,Subsanación,TADCARATULADORRPP,TAD
EX-2018-23329654- -GDEBA-SDRRDLP,Subsanación,TADCARATULADORRPP,TAD
EX-2018-16984558- -GDEBA-SDRRDLP,Subsanación,TADCARATULADORRPP,TAD
EX-2018-25185733- -GDEBA-SDRRDLP,Subsanación,TADCARATULADORRPP,TAD
EX-2018-24781562- -GDEBA-SDRRDLP,Subsanación,TADCARATULADORRPP,TAD
EX-2018-22068607- -GDEBA-SDRRDLP,Subsanación,TADCARATULADORRPP,TAD
EX-2018-19910832- -GDEBA-SDRRDLP,Subsanación,TADCARATULADORRPP,TAD
EX-2018-29023665- -GDEBA-SDRRDLP,Subsanación,TADCARATULADORRPP,TAD
EX-2018-25389454- -GDEBA-SDRRDLP,Subsanación,TADCARATULADORRPP,TAD
EX-2018-10833033- -GDEBA-SDRRDLP,Subsanación,TADCARATULADORRPP,TAD
EX-2018-24982056- -GDEBA-SDRRDLP,Subsanación,TADCARATULADORRPP,TAD
EX-2018-25234895- -GDEBA-SDRRDLP,Subsanación,TADCARATULADORRPP,TAD
EX-2018-15507129- -GDEBA-SDRRDLP,Subsanación,TADCARATULADORRPP,TAD
EX-2018-06707893- -GDEBA-SDRRDLP,Subsanación,TADCARATULADORRPP,TAD
EX-2018-15787513- -GDEBA-SDRRDLP,Subsanación,TADCARATULADORRPP,TAD
EX-2018-19503156- -GDEBA-SDRRDLP,Subsanación,TADCARATULADORRPP,TAD
EX-2018-06974687- -GDEBA-SDRRDLP,Subsanación,TADCARATULADORRPP,TAD
EX-2018-08986228- -GDEBA-SDRRDLP,Subsanación,TADCARATULADORRPP,TAD
EX-2018-25816211- -GDEBA-SDRRDLP,Subsanación,TADCARATULADORRPP,TAD
EX-2018-23326227- -GDEBA-SDRRDLP,Subsanación,TADCARATULADORRPP,TAD